-- ==========================================
-- Script para insertar datos de prueba en ThemeParkDb
-- ==========================================

-- INSTRUCCIONES:
-- 1. Asegúrate de que la base de datos ThemeParkDb ya existe y está seleccionada en DBeaver
-- 2. Ejecuta este script completo para cargar todos los datos de prueba
-- 3. Los datos se insertan en el orden correcto respetando las dependencias entre tablas

-- ==========================================
-- TABLA: __EFMigrationsHistory
-- ==========================================
INSERT INTO dbo.[__EFMigrationsHistory] (MigrationId,ProductVersion) VALUES
	 (N'20251008141958_Initial',N'8.0.0');

-- ==========================================
-- TABLA: SystemDateTimes
-- ==========================================
INSERT INTO dbo.SystemDateTimes (CurrentDateTime) VALUES
	 ('2026-12-12 19:30:00.0000000');

-- ==========================================
-- TABLA: Users (sin dependencias)
-- ==========================================
INSERT INTO dbo.Users (Id,Nombre,Email,Apellido,Contraseña,FechaNacimiento,FechaRegistro,CodigoIdentificacion) VALUES
	 (N'1D88D99C-14B9-4B39-B6BC-75025A145EA0',N'Admin',N'admin@themepark.com',N'Sistema',N'Admin123!','1990-01-01 00:00:00.0000000','2025-10-08 19:07:58.7949667',N'9504C8EF'),
	 (N'075CEA88-F87B-4CFD-BEA9-9009E629BB75',N'Operador',N'operator@themepark.com',N'Principal',N'Operator123!','1992-05-15 00:00:00.0000000','2025-10-08 19:08:00.3735209',N'65D67126'),
	 (N'C7B5FBFD-9B4C-4C9A-8DE3-36401EE173C1',N'Juan',N'juan.perez@email.com',N'Pérez',N'Visitor123!','2000-03-20 00:00:00.0000000','2025-10-08 19:08:00.8194712',N'866FD97E'),
	 (N'5868C220-7746-4C71-923C-39B883C52E56',N'María',N'maria.lopez@email.com',N'López',N'Visitor123!','1998-07-10 00:00:00.0000000','2025-10-08 19:08:01.0373762',N'E40B2AAF'),
	 (N'7F08D13A-885A-48E6-BD50-322B87E319D0',N'Carlos',N'carlos.rodriguez@email.com',N'Rodríguez',N'Visitor123!','2002-11-25 00:00:00.0000000','2025-10-08 19:08:01.2565189',N'ABB0FF0A'),
	 (N'1C0A6122-DCAC-4326-849B-909987417B05',N'Pedro Actualizado',N'pedro.updated@themepark.com',N'Gonzalez',N'Pedro123!','1990-05-15 00:00:00.0000000','2025-10-08 19:08:06.7579411',N'BD2EAB87'),
	 (N'F18D9FCB-80BD-4930-9298-6B1E550D7F5C',N'Niño',N'nino.pequeno@email.com',N'Pequeño',N'Test123!','2015-01-01 00:00:00.0000000','2025-10-08 19:08:09.0238162',N'3F5ECE91'),
	 (N'A1B2C3D4-E5F6-4A5B-8C9D-0E1F2A3B4C5D',N'Ana',N'ana.martinez@email.com',N'Martínez',N'Visitor123!','1995-04-12 00:00:00.0000000','2025-11-01 10:00:00.0000000',N'7A8B9C0D'),
	 (N'B2C3D4E5-F6A7-4B5C-9D0E-1F2A3B4C5D6E',N'Luis',N'luis.garcia@email.com',N'García',N'Visitor123!','1988-09-30 00:00:00.0000000','2025-11-02 14:30:00.0000000',N'8B9C0D1E');

-- ==========================================
-- TABLA: Attractions (sin dependencias)
-- ==========================================
INSERT INTO dbo.Attractions (Nombre,Tipo,EdadMinima,CapacidadMaxima,Descripcion,FechaCreacion,FechaModificacion,AforoActual,TieneIncidenciaActiva,Points) VALUES
	 (N'Montaña Rusa T-Rex',0,14,60,N'DESCRIPCIÓN ACTUALIZADA: Montaña rusa mejorada con nuevos efectos especiales','2025-10-08 19:07:08.1728109','2026-12-12 11:00:00.0000000',1,0,100),
	 (N'Simulador Jurásico',1,8,30,N'Simulador 4D de viaje en el tiempo al período Jurásico','2025-10-08 19:07:08.1728109',NULL,0,0,80),
	 (N'Mini Carrusel Dino',3,0,2,N'Carrusel pequeño para tests de capacidad','2025-10-08 19:07:08.1728109',NULL,2,0,30),
	 (N'Zona Excavación Arqueológica',3,0,100,N'Área interactiva donde los niños pueden excavar fósiles','2025-10-08 19:07:08.1728109',NULL,0,0,30),
	 (N'Espectáculo Dinosaurios Vivos',2,0,200,N'Show en vivo con animatrónicos de dinosaurios','2025-11-01 10:00:00.0000000',NULL,0,0,50),
	 (N'Río Prehistórico',0,10,40,N'Aventura acuática por el mundo prehistórico','2025-11-01 10:00:00.0000000',NULL,0,0,100);

-- ==========================================
-- TABLA: Events (sin dependencias)
-- ==========================================
INSERT INTO dbo.Events (Id,Name,Fecha,Hora,Aforo,CostoAdicional) VALUES
	 (N'FAD9E58A-D98B-4197-98F8-5F4168AB67D3',N'Noche de Dinosaurios','2025-10-15 00:00:00.0000000','20:00:00.0000000',200,15.50),
	 (N'DAF034FF-3F48-4B4C-9744-38712BA2E7AE',N'Evento Test Aforo Limitado','2026-12-12 00:00:00.0000000','14:00:00.0000000',2,10.00),
	 (N'E1F2A3B4-C5D6-4E7F-8A9B-0C1D2E3F4A5B',N'Festival Jurásico Navideño','2026-12-24 00:00:00.0000000','18:00:00.0000000',300,25.00);

-- ==========================================
-- TABLA: Configuraciones (sin dependencias)
-- ==========================================
INSERT INTO dbo.Configuraciones (Id) VALUES
	 (N'E0834F16-54D7-4B84-96F7-A6ED5BD4E75B'),
	 (N'C8F45370-B822-421D-800A-AF05EFEC6656'),
	 (N'F02924B9-E6A3-4F7C-B6CD-BA4249FD1D13');

-- ==========================================
-- TABLA: Incidents (sin dependencias)
-- ==========================================
INSERT INTO dbo.Incidents (Id,AttractionName,Descripcion,FechaCreacion,FechaResolucion,IsActive,MaintenanceId,FechaProgramada,HoraProgramada) VALUES
	 (N'674CE53A-FC66-4623-822B-8EE8991203FB',N'Montaña Rusa T-Rex',N'Mantenimiento de emergencia en vía 2','2026-12-12 11:00:00.0000000','2026-12-12 11:00:00.0000000',0,NULL,NULL,NULL),
	 (N'A1B2C3D4-E5F6-7A8B-9C0D-1E2F3A4B5C6D',N'Río Prehistórico',N'Fuga menor en sistema de bombeo','2026-12-10 08:00:00.0000000',NULL,1,NULL,'2026-12-13 00:00:00.0000000','09:00:00.0000000');

-- ==========================================
-- TABLA: Maintenances (sin dependencias)
-- ==========================================
INSERT INTO dbo.Maintenances (Id,AttractionName,Fecha,HoraInicio,DuracionMinutos,Descripcion,IncidentId) VALUES
	 (N'B2C3D4E5-F6A7-8B9C-0D1E-2F3A4B5C6D7E',N'Río Prehistórico','2026-12-13 00:00:00.0000000','09:00:00.0000000',180,N'Reparación sistema de bombeo',N'A1B2C3D4-E5F6-7A8B-9C0D-1E2F3A4B5C6D');

-- ==========================================
-- TABLA: Rewards (sin dependencias)
-- ==========================================
INSERT INTO dbo.Rewards (Nombre,Descripcion,CostoPuntos,CantidadDisponible,NivelMembresiaRequerido,Activa,FechaCreacion) VALUES
	 (N'Descuento 10% en Merchandising',N'Obtén un 10% de descuento en todas las tiendas del parque',500,50,NULL,1,'2025-10-01 10:00:00.0000000'),
	 (N'Fast Pass Premium',N'Acceso prioritario a todas las atracciones durante un día',1000,20,N'Premium',1,'2025-10-01 10:00:00.0000000'),
	 (N'Combo Familiar 2x1',N'Segundo ticket de entrada gratis para familiar',1500,10,N'Premium',1,'2025-10-01 10:00:00.0000000'),
	 (N'Tour VIP Backstage',N'Tour exclusivo por las áreas restringidas del parque',2000,5,N'Premium',1,'2025-10-01 10:00:00.0000000'),
	 (N'Peluche Dinosaurio Coleccionable',N'Peluche exclusivo de edición limitada',300,100,NULL,1,'2025-10-01 10:00:00.0000000'),
	 (N'Taza Conmemorativa',N'Taza térmica con diseño exclusivo del parque',200,75,NULL,1,'2025-10-01 10:00:00.0000000'),
	 (N'Sesión de Fotos con T-Rex',N'Sesión fotográfica profesional con el animatrónico T-Rex',800,15,NULL,1,'2025-10-15 12:00:00.0000000'),
	 (N'Cena en Restaurante Jurásico',N'Cena para dos personas en nuestro restaurante temático',1200,8,N'Premium',1,'2025-10-15 12:00:00.0000000');

-- ==========================================
-- TABLA: Roles (depende de Users)
-- ==========================================
INSERT INTO dbo.Roles (Id,UserId,Discriminator,NivelMembresia) VALUES
	 (N'29EBF08A-5C26-4334-A563-406ACAAC983B',N'1D88D99C-14B9-4B39-B6BC-75025A145EA0',N'RolAdministradorParque',NULL),
	 (N'46524619-44E6-412F-8965-C034AC6631A4',N'075CEA88-F87B-4CFD-BEA9-9009E629BB75',N'RolOperadorAtraccion',NULL),
	 (N'6241CDE1-0B71-4F07-83B0-0146F27DA409',N'C7B5FBFD-9B4C-4C9A-8DE3-36401EE173C1',N'RolVisitante',N'Estándar'),
	 (N'4C05590D-7DDC-40A0-853A-1ED39CDC937D',N'5868C220-7746-4C71-923C-39B883C52E56',N'RolVisitante',N'Estándar'),
	 (N'40DC7503-DFC9-4A45-B019-E8C9FCBD0E88',N'7F08D13A-885A-48E6-BD50-322B87E319D0',N'RolVisitante',N'Premium'),
	 (N'6A6349BB-8E59-4599-8D58-18373C75D8B2',N'1C0A6122-DCAC-4326-849B-909987417B05',N'RolVisitante',N'Estándar'),
	 (N'F1167208-42DB-484F-9275-E75EE825E74F',N'F18D9FCB-80BD-4930-9298-6B1E550D7F5C',N'RolVisitante',N'Estándar'),
	 (N'C1D2E3F4-A5B6-4C7D-8E9F-0A1B2C3D4E5F',N'A1B2C3D4-E5F6-4A5B-8C9D-0E1F2A3B4C5D',N'RolVisitante',N'Premium'),
	 (N'D2E3F4A5-B6C7-4D8E-9F0A-1B2C3D4E5F6A',N'B2C3D4E5-F6A7-4B5C-9D0E-1F2A3B4C5D6E',N'RolVisitante',N'Estándar');

-- ==========================================
-- TABLA: Sessions (depende de Users)
-- ==========================================
INSERT INTO dbo.Sessions (Id,UserId,Token,ExpirationDate,CreatedAt) VALUES
	 (N'C06195EF-308B-41DF-A63E-18A7CA59B519',N'1D88D99C-14B9-4B39-B6BC-75025A145EA0',N'598aa1be-50b3-45c7-933d-9129fde711b6','2025-10-09 19:07:59.7764654','2025-10-08 19:07:59.7761697'),
	 (N'9C2BED13-21A8-4E43-871F-6845E646ED6B',N'075CEA88-F87B-4CFD-BEA9-9009E629BB75',N'73a8c35a-d95a-46ad-b619-621951095a93','2025-10-09 19:08:00.7298124','2025-10-08 19:08:00.7298109'),
	 (N'AC658310-F98C-43C6-890B-AA8CF70894FB',N'C7B5FBFD-9B4C-4C9A-8DE3-36401EE173C1',N'f14256d9-b6ce-4fff-ad02-6ca3c4821448','2025-10-09 19:08:00.9315426','2025-10-08 19:08:00.9315407'),
	 (N'CA8E5A8A-89DE-4ABE-A8D2-FBBFB262C089',N'5868C220-7746-4C71-923C-39B883C52E56',N'71adee08-5e74-4da0-a68c-d6588ee5d1b6','2025-10-09 19:08:01.1547290','2025-10-08 19:08:01.1547274'),
	 (N'9A662F2C-2353-4D20-8248-2F9EFCBD2363',N'7F08D13A-885A-48E6-BD50-322B87E319D0',N'6d65c095-b9d2-4993-8a66-0f3a38aa94d0','2025-10-09 19:08:01.3724442','2025-10-08 19:08:01.3724414'),
	 (N'46C94E43-464A-4F03-BC7C-5FEF9B9DD8B5',N'1C0A6122-DCAC-4326-849B-909987417B05',N'3c7079cf-4ff6-45b6-b792-9d8f15b8e32e','2025-10-09 19:08:07.1969506','2025-10-08 19:08:07.1969494'),
	 (N'0CE14F62-B3BA-4B37-B3E2-D3A436560F1E',N'F18D9FCB-80BD-4930-9298-6B1E550D7F5C',N'51ccf20c-b1b5-4c63-b51a-2d27b29e1ac7','2025-10-09 19:08:09.1307411','2025-10-08 19:08:09.1307391'),
	 (N'E3F4A5B6-C7D8-4E9F-0A1B-2C3D4E5F6A7B',N'A1B2C3D4-E5F6-4A5B-8C9D-0E1F2A3B4C5D',N'a1b2c3d4-e5f6-4a5b-8c9d-0e1f2a3b4c5d','2025-11-02 10:00:00.0000000','2025-11-01 10:00:00.0000000'),
	 (N'F4A5B6C7-D8E9-4F0A-1B2C-3D4E5F6A7B8C',N'B2C3D4E5-F6A7-4B5C-9D0E-1F2A3B4C5D6E',N'b2c3d4e5-f6a7-4b5c-9d0e-1f2a3b4c5d6e','2025-11-03 14:30:00.0000000','2025-11-02 14:30:00.0000000');

-- ==========================================
-- TABLA: Tickets (depende de Events)
-- ==========================================
INSERT INTO dbo.Tickets (Id,CodigoQR,FechaVisita,CodigoIdentificacionUsuario,FechaCompra,TipoTicket,EventoId) VALUES
	 (N'F8F8D6F5-401C-4791-8577-87BDC7D737CD',N'CAE71C66-8AAB-4CC4-B225-E0322A6BA568','2026-12-12 00:00:00.0000000',N'866FD97E','2025-10-08 19:08:08.1289285',N'General',NULL),
	 (N'BF96BD62-9E38-4B8D-900F-62A8AA934BA8',N'AABC1CFB-05FE-4903-91F2-6A86EC201D90','2026-12-12 00:00:00.0000000',N'3F5ECE91','2025-10-08 19:08:09.2293917',N'General',NULL),
	 (N'D41BCCFD-F2B9-4C0C-8CD7-56B087918EF6',N'0AAC2A02-7F23-4BF6-80DA-1532CDE9B234','2026-12-12 00:00:00.0000000',N'E40B2AAF','2025-10-08 19:08:09.7064664',N'General',NULL),
	 (N'CDCB6140-B415-43E5-B3C7-55756FFFF1E6',N'BE3912DE-E222-490F-AC81-F364F8388E33','2026-12-12 00:00:00.0000000',N'866FD97E','2025-10-08 19:08:12.0998986',N'Evento',N'DAF034FF-3F48-4B4C-9744-38712BA2E7AE'),
	 (N'61F18ED4-19F3-40A5-96BB-09619E256130',N'274617CF-03A6-43A6-B37D-E72113A6362F','2026-12-12 00:00:00.0000000',N'E40B2AAF','2025-10-08 19:08:12.3847583',N'Evento',N'DAF034FF-3F48-4B4C-9744-38712BA2E7AE'),
	 (N'1087DDB9-CC95-4788-BB88-C81B519168A9',N'A7CA15E6-AE77-463C-AC54-866E8DE70F62','2026-12-12 00:00:00.0000000',N'ABB0FF0A','2025-10-08 19:08:15.1493749',N'General',NULL),
	 (N'A5B6C7D8-E9F0-4A1B-2C3D-4E5F6A7B8C9D',N'C1D2E3F4-A5B6-7C8D-9E0F-1A2B3C4D5E6F','2026-12-12 00:00:00.0000000',N'7A8B9C0D','2025-11-01 10:00:00.0000000',N'General',NULL),
	 (N'B6C7D8E9-F0A1-4B2C-3D4E-5F6A7B8C9D0E',N'D2E3F4A5-B6C7-8D9E-0F1A-2B3C4D5E6F7A','2026-12-24 00:00:00.0000000',N'8B9C0D1E','2025-11-02 14:30:00.0000000',N'Evento',N'E1F2A3B4-C5D6-4E7F-8A9B-0C1D2E3F4A5B');

-- ==========================================
-- TABLA: Visits (depende de Attractions)
-- ==========================================
INSERT INTO dbo.Visits (Id,UserId,AttractionName,AttractionNombre,EntryTime,ExitTime,IsActive,Points,ScoringStrategyName) VALUES
	 -- Visitas de Juan (C7B5FBFD) - Total: 1200 puntos antes del canje
	 (N'CD113A56-BCBF-4D1B-9ED6-2AF21EA5CB70',N'C7B5FBFD-9B4C-4C9A-8DE3-36401EE173C1',N'Montaña Rusa T-Rex',N'Montaña Rusa T-Rex','2026-12-10 10:00:00.0000000','2026-12-10 10:30:00.0000000',0,100,NULL),
	 (N'70492698-3CAA-4279-AC31-09D44B09A53E',N'C7B5FBFD-9B4C-4C9A-8DE3-36401EE173C1',N'Simulador Jurásico',N'Simulador Jurásico','2026-12-10 11:00:00.0000000','2026-12-10 11:30:00.0000000',0,80,NULL),
	 (N'5357DA7E-5F45-41F3-9FA1-8012C83960DF',N'C7B5FBFD-9B4C-4C9A-8DE3-36401EE173C1',N'Mini Carrusel Dino',N'Mini Carrusel Dino','2026-12-10 12:00:00.0000000','2026-12-10 12:15:00.0000000',0,30,NULL),
	 (N'E1F2A3B4-C5D6-7E8F-9A0B-1C2D3E4F5A6B',N'C7B5FBFD-9B4C-4C9A-8DE3-36401EE173C1',N'Río Prehistórico',N'Río Prehistórico','2026-12-10 13:00:00.0000000','2026-12-10 13:30:00.0000000',0,100,NULL),
	 (N'F2A3B4C5-D6E7-8F9A-0B1C-2D3E4F5A6B7C',N'C7B5FBFD-9B4C-4C9A-8DE3-36401EE173C1',N'Montaña Rusa T-Rex',N'Montaña Rusa T-Rex','2026-12-10 14:00:00.0000000','2026-12-10 14:30:00.0000000',0,100,NULL),
	 (N'A3B4C5D6-E7F8-9A0B-1C2D-3E4F5A6B7C8D',N'C7B5FBFD-9B4C-4C9A-8DE3-36401EE173C1',N'Montaña Rusa T-Rex',N'Montaña Rusa T-Rex','2026-12-11 10:00:00.0000000','2026-12-11 10:30:00.0000000',0,100,NULL),
	 (N'B4C5D6E7-F8A9-0B1C-2D3E-4F5A6B7C8D9E',N'C7B5FBFD-9B4C-4C9A-8DE3-36401EE173C1',N'Simulador Jurásico',N'Simulador Jurásico','2026-12-11 11:00:00.0000000','2026-12-11 11:30:00.0000000',0,80,NULL),
	 (N'C5D6E7F8-A9B0-1C2D-3E4F-5A6B7C8D9E0F',N'C7B5FBFD-9B4C-4C9A-8DE3-36401EE173C1',N'Río Prehistórico',N'Río Prehistórico','2026-12-11 12:00:00.0000000','2026-12-11 12:30:00.0000000',0,100,NULL),
	 (N'D6E7F8A9-B0C1-2D3E-4F5A-6B7C8D9E0F1A',N'C7B5FBFD-9B4C-4C9A-8DE3-36401EE173C1',N'Montaña Rusa T-Rex',N'Montaña Rusa T-Rex','2026-12-11 13:00:00.0000000','2026-12-11 13:30:00.0000000',0,100,NULL),
	 (N'E7F8A9B0-C1D2-3E4F-5A6B-7C8D9E0F1A2B',N'C7B5FBFD-9B4C-4C9A-8DE3-36401EE173C1',N'Montaña Rusa T-Rex',N'Montaña Rusa T-Rex','2026-12-11 14:00:00.0000000','2026-12-11 14:30:00.0000000',0,100,NULL),
	 (N'F8A9B0C1-D2E3-4F5A-6B7C-8D9E0F1A2B3C',N'C7B5FBFD-9B4C-4C9A-8DE3-36401EE173C1',N'Montaña Rusa T-Rex',N'Montaña Rusa T-Rex','2026-12-11 15:00:00.0000000','2026-12-11 15:30:00.0000000',0,100,NULL),
	 (N'A9B0C1D2-E3F4-5A6B-7C8D-9E0F1A2B3C4D',N'C7B5FBFD-9B4C-4C9A-8DE3-36401EE173C1',N'Río Prehistórico',N'Río Prehistórico','2026-12-11 16:00:00.0000000','2026-12-11 16:30:00.0000000',0,100,NULL),
	 (N'B0C1D2E3-F4A5-6B7C-8D9E-0F1A2B3C4D5E',N'C7B5FBFD-9B4C-4C9A-8DE3-36401EE173C1',N'Simulador Jurásico',N'Simulador Jurásico','2026-12-11 17:00:00.0000000','2026-12-11 17:30:00.0000000',0,80,NULL),
	 (N'FF148C19-44D2-4B3D-BF6E-1CF4F1124ADC',N'C7B5FBFD-9B4C-4C9A-8DE3-36401EE173C1',N'Espectáculo Dinosaurios Vivos',N'Espectáculo Dinosaurios Vivos','2026-12-12 11:10:00.0000000',NULL,1,50,NULL),

	 -- Visitas de María (5868C220) - Total: 750 puntos antes del canje
	 (N'D09EFC72-34FC-490E-B160-7516A0C5B1BA',N'5868C220-7746-4C71-923C-39B883C52E56',N'Montaña Rusa T-Rex',N'Montaña Rusa T-Rex','2026-12-09 10:00:00.0000000','2026-12-09 10:30:00.0000000',0,100,NULL),
	 (N'C1D2E3F4-A5B6-7C8D-9E0F-1A2B3C4D5E6F',N'5868C220-7746-4C71-923C-39B883C52E56',N'Río Prehistórico',N'Río Prehistórico','2026-12-09 11:00:00.0000000','2026-12-09 11:30:00.0000000',0,100,NULL),
	 (N'D2E3F4A5-B6C7-8D9E-0F1A-2B3C4D5E6F7A',N'5868C220-7746-4C71-923C-39B883C52E56',N'Simulador Jurásico',N'Simulador Jurásico','2026-12-09 12:00:00.0000000','2026-12-09 12:30:00.0000000',0,80,NULL),
	 (N'E3F4A5B6-C7D8-9E0F-1A2B-3C4D5E6F7A8B',N'5868C220-7746-4C71-923C-39B883C52E56',N'Montaña Rusa T-Rex',N'Montaña Rusa T-Rex','2026-12-10 10:00:00.0000000','2026-12-10 10:30:00.0000000',0,100,NULL),
	 (N'F4A5B6C7-D8E9-0F1A-2B3C-4D5E6F7A8B9C',N'5868C220-7746-4C71-923C-39B883C52E56',N'Río Prehistórico',N'Río Prehistórico','2026-12-10 11:00:00.0000000','2026-12-10 11:30:00.0000000',0,100,NULL),
	 (N'A5B6C7D8-E9F0-1A2B-3C4D-5E6F7A8B9C0D',N'5868C220-7746-4C71-923C-39B883C52E56',N'Montaña Rusa T-Rex',N'Montaña Rusa T-Rex','2026-12-10 12:00:00.0000000','2026-12-10 12:30:00.0000000',0,100,NULL),
	 (N'B6C7D8E9-F0A1-2B3C-4D5E-6F7A8B9C0D1E',N'5868C220-7746-4C71-923C-39B883C52E56',N'Simulador Jurásico',N'Simulador Jurásico','2026-12-10 13:00:00.0000000','2026-12-10 13:30:00.0000000',0,80,NULL),
	 (N'C7D8E9F0-A1B2-3C4D-5E6F-7A8B9C0D1E2F',N'5868C220-7746-4C71-923C-39B883C52E56',N'Espectáculo Dinosaurios Vivos',N'Espectáculo Dinosaurios Vivos','2026-12-10 14:00:00.0000000','2026-12-10 14:30:00.0000000',0,50,NULL),
	 (N'2F613017-F6FF-4721-9C7F-4329ED4860B6',N'5868C220-7746-4C71-923C-39B883C52E56',N'Mini Carrusel Dino',N'Mini Carrusel Dino','2026-12-12 11:10:00.0000000',NULL,1,30,NULL),

	 -- Visitas de Carlos (7F08D13A) - Total: 3500 puntos antes del canje (Premium)
	 (N'D8E9F0A1-B2C3-4D5E-6F7A-8B9C0D1E2F3A',N'7F08D13A-885A-48E6-BD50-322B87E319D0',N'Montaña Rusa T-Rex',N'Montaña Rusa T-Rex','2026-12-08 10:00:00.0000000','2026-12-08 10:30:00.0000000',0,100,NULL),
	 (N'E9F0A1B2-C3D4-5E6F-7A8B-9C0D1E2F3A4B',N'7F08D13A-885A-48E6-BD50-322B87E319D0',N'Río Prehistórico',N'Río Prehistórico','2026-12-08 11:00:00.0000000','2026-12-08 11:30:00.0000000',0,100,NULL),
	 (N'F0A1B2C3-D4E5-6F7A-8B9C-0D1E2F3A4B5C',N'7F08D13A-885A-48E6-BD50-322B87E319D0',N'Simulador Jurásico',N'Simulador Jurásico','2026-12-08 12:00:00.0000000','2026-12-08 12:30:00.0000000',0,80,NULL),
	 (N'A1B2C3D4-E5F6-7A8B-9C0D-1E2F3A4B5C6D',N'7F08D13A-885A-48E6-BD50-322B87E319D0',N'Montaña Rusa T-Rex',N'Montaña Rusa T-Rex','2026-12-09 10:00:00.0000000','2026-12-09 10:30:00.0000000',0,100,NULL),
	 (N'B2C3D4E5-F6A7-8B9C-0D1E-2F3A4B5C6D7E',N'7F08D13A-885A-48E6-BD50-322B87E319D0',N'Río Prehistórico',N'Río Prehistórico','2026-12-09 11:00:00.0000000','2026-12-09 11:30:00.0000000',0,100,NULL),
	 (N'C3D4E5F6-A7B8-9C0D-1E2F-3A4B5C6D7E8F',N'7F08D13A-885A-48E6-BD50-322B87E319D0',N'Montaña Rusa T-Rex',N'Montaña Rusa T-Rex','2026-12-09 12:00:00.0000000','2026-12-09 12:30:00.0000000',0,100,NULL),
	 (N'D4E5F6A7-B8C9-0D1E-2F3A-4B5C6D7E8F9A',N'7F08D13A-885A-48E6-BD50-322B87E319D0',N'Simulador Jurásico',N'Simulador Jurásico','2026-12-09 13:00:00.0000000','2026-12-09 13:30:00.0000000',0,80,NULL),
	 (N'E5F6A7B8-C9D0-1E2F-3A4B-5C6D7E8F9A0B',N'7F08D13A-885A-48E6-BD50-322B87E319D0',N'Montaña Rusa T-Rex',N'Montaña Rusa T-Rex','2026-12-10 10:00:00.0000000','2026-12-10 10:30:00.0000000',0,100,NULL),
	 (N'F6A7B8C9-D0E1-2F3A-4B5C-6D7E8F9A0B1C',N'7F08D13A-885A-48E6-BD50-322B87E319D0',N'Río Prehistórico',N'Río Prehistórico','2026-12-10 11:00:00.0000000','2026-12-10 11:30:00.0000000',0,100,NULL),
	 (N'A7B8C9D0-E1F2-3A4B-5C6D-7E8F9A0B1C2D',N'7F08D13A-885A-48E6-BD50-322B87E319D0',N'Montaña Rusa T-Rex',N'Montaña Rusa T-Rex','2026-12-10 12:00:00.0000000','2026-12-10 12:30:00.0000000',0,100,NULL),
	 (N'B8C9D0E1-F2A3-4B5C-6D7E-8F9A0B1C2D3E',N'7F08D13A-885A-48E6-BD50-322B87E319D0',N'Simulador Jurásico',N'Simulador Jurásico','2026-12-10 13:00:00.0000000','2026-12-10 13:30:00.0000000',0,80,NULL),
	 (N'C9D0E1F2-A3B4-5C6D-7E8F-9A0B1C2D3E4F',N'7F08D13A-885A-48E6-BD50-322B87E319D0',N'Montaña Rusa T-Rex',N'Montaña Rusa T-Rex','2026-12-10 14:00:00.0000000','2026-12-10 14:30:00.0000000',0,100,NULL),
	 (N'D0E1F2A3-B4C5-6D7E-8F9A-0B1C2D3E4F5A',N'7F08D13A-885A-48E6-BD50-322B87E319D0',N'Río Prehistórico',N'Río Prehistórico','2026-12-10 15:00:00.0000000','2026-12-10 15:30:00.0000000',0,100,NULL),
	 (N'11E1F2A3-C5D6-7E8F-9A0B-1C2D3E4F5A6B',N'7F08D13A-885A-48E6-BD50-322B87E319D0',N'Montaña Rusa T-Rex',N'Montaña Rusa T-Rex','2026-12-10 16:00:00.0000000','2026-12-10 16:30:00.0000000',0,100,NULL),
	 (N'12F2A3B4-D6E7-8F9A-0B1C-2D3E4F5A6B7C',N'7F08D13A-885A-48E6-BD50-322B87E319D0',N'Simulador Jurásico',N'Simulador Jurásico','2026-12-10 17:00:00.0000000','2026-12-10 17:30:00.0000000',0,80,NULL),
	 (N'13A3B4C5-E7F8-9A0B-1C2D-3E4F5A6B7C8D',N'7F08D13A-885A-48E6-BD50-322B87E319D0',N'Montaña Rusa T-Rex',N'Montaña Rusa T-Rex','2026-12-11 10:00:00.0000000','2026-12-11 10:30:00.0000000',0,100,NULL),
	 (N'14B4C5D6-F8A9-0B1C-2D3E-4F5A6B7C8D9E',N'7F08D13A-885A-48E6-BD50-322B87E319D0',N'Río Prehistórico',N'Río Prehistórico','2026-12-11 11:00:00.0000000','2026-12-11 11:30:00.0000000',0,100,NULL),
	 (N'15C5D6E7-A9B0-1C2D-3E4F-5A6B7C8D9E0F',N'7F08D13A-885A-48E6-BD50-322B87E319D0',N'Montaña Rusa T-Rex',N'Montaña Rusa T-Rex','2026-12-11 12:00:00.0000000','2026-12-11 12:30:00.0000000',0,100,NULL),
	 (N'16D6E7F8-B0C1-2D3E-4F5A-6B7C8D9E0F1A',N'7F08D13A-885A-48E6-BD50-322B87E319D0',N'Simulador Jurásico',N'Simulador Jurásico','2026-12-11 13:00:00.0000000','2026-12-11 13:30:00.0000000',0,80,NULL),
	 (N'17E7F8A9-C1D2-3E4F-5A6B-7C8D9E0F1A2B',N'7F08D13A-885A-48E6-BD50-322B87E319D0',N'Montaña Rusa T-Rex',N'Montaña Rusa T-Rex','2026-12-11 14:00:00.0000000','2026-12-11 14:30:00.0000000',0,100,NULL),
	 (N'18F8A9B0-D2E3-4F5A-6B7C-8D9E0F1A2B3C',N'7F08D13A-885A-48E6-BD50-322B87E319D0',N'Río Prehistórico',N'Río Prehistórico','2026-12-11 15:00:00.0000000','2026-12-11 15:30:00.0000000',0,100,NULL),
	 (N'19A9B0C1-E3F4-5A6B-7C8D-9E0F1A2B3C4D',N'7F08D13A-885A-48E6-BD50-322B87E319D0',N'Montaña Rusa T-Rex',N'Montaña Rusa T-Rex','2026-12-11 16:00:00.0000000','2026-12-11 16:30:00.0000000',0,100,NULL),
	 (N'20B0C1D2-F4A5-6B7C-8D9E-0F1A2B3C4D5E',N'7F08D13A-885A-48E6-BD50-322B87E319D0',N'Simulador Jurásico',N'Simulador Jurásico','2026-12-11 17:00:00.0000000','2026-12-11 17:30:00.0000000',0,80,NULL),
	 (N'21C1D2E3-A5B6-7C8D-9E0F-1A2B3C4D5E6F',N'7F08D13A-885A-48E6-BD50-322B87E319D0',N'Montaña Rusa T-Rex',N'Montaña Rusa T-Rex','2026-12-11 18:00:00.0000000','2026-12-11 18:30:00.0000000',0,100,NULL),
	 (N'22D2E3F4-B6C7-8D9E-0F1A-2B3C4D5E6F7A',N'7F08D13A-885A-48E6-BD50-322B87E319D0',N'Río Prehistórico',N'Río Prehistórico','2026-12-11 19:00:00.0000000','2026-12-11 19:30:00.0000000',0,100,NULL),
	 (N'23E3F4A5-C7D8-9E0F-1A2B-3C4D5E6F7A8B',N'7F08D13A-885A-48E6-BD50-322B87E319D0',N'Montaña Rusa T-Rex',N'Montaña Rusa T-Rex','2026-12-11 20:00:00.0000000','2026-12-11 20:30:00.0000000',0,100,NULL),
	 (N'24F4A5B6-D8E9-0F1A-2B3C-4D5E6F7A8B9C',N'7F08D13A-885A-48E6-BD50-322B87E319D0',N'Simulador Jurásico',N'Simulador Jurásico','2026-12-11 21:00:00.0000000','2026-12-11 21:30:00.0000000',0,80,NULL),
	 (N'25A5B6C7-E9F0-1A2B-3C4D-5E6F7A8B9C0D',N'7F08D13A-885A-48E6-BD50-322B87E319D0',N'Montaña Rusa T-Rex',N'Montaña Rusa T-Rex','2026-12-11 22:00:00.0000000','2026-12-11 22:30:00.0000000',0,100,NULL),
	 (N'26B6C7D8-F0A1-2B3C-4D5E-6F7A8B9C0D1E',N'7F08D13A-885A-48E6-BD50-322B87E319D0',N'Río Prehistórico',N'Río Prehistórico','2026-12-12 09:00:00.0000000','2026-12-12 09:30:00.0000000',0,100,NULL),
	 (N'27C7D8E9-A1B2-3C4D-5E6F-7A8B9C0D1E2F',N'7F08D13A-885A-48E6-BD50-322B87E319D0',N'Montaña Rusa T-Rex',N'Montaña Rusa T-Rex','2026-12-12 10:00:00.0000000','2026-12-12 10:30:00.0000000',0,100,NULL),
	 (N'28D8E9F0-B2C3-4D5E-6F7A-8B9C0D1E2F3A',N'7F08D13A-885A-48E6-BD50-322B87E319D0',N'Simulador Jurásico',N'Simulador Jurásico','2026-12-12 11:00:00.0000000','2026-12-12 11:30:00.0000000',0,80,NULL),
	 (N'29E9F0A1-C3D4-5E6F-7A8B-9C0D1E2F3A4B',N'7F08D13A-885A-48E6-BD50-322B87E319D0',N'Montaña Rusa T-Rex',N'Montaña Rusa T-Rex','2026-12-12 12:00:00.0000000','2026-12-12 12:30:00.0000000',0,100,NULL),
	 (N'30F0A1B2-D4E5-6F7A-8B9C-0D1E2F3A4B5C',N'7F08D13A-885A-48E6-BD50-322B87E319D0',N'Río Prehistórico',N'Río Prehistórico','2026-12-12 13:00:00.0000000','2026-12-12 13:30:00.0000000',0,100,NULL),
	 (N'6BDF9D9D-3C45-4D2B-B701-F56D97756FFD',N'7F08D13A-885A-48E6-BD50-322B87E319D0',N'Mini Carrusel Dino',N'Mini Carrusel Dino','2026-12-12 11:10:00.0000000',NULL,1,30,NULL),

	 -- Visitas de Ana (A1B2C3D4) - Total: 400 puntos antes del canje (Premium)
	 (N'A7B8C9D0-E1F2-4A3B-4C5D-6E7F8A9B0C1D',N'A1B2C3D4-E5F6-4A5B-8C9D-0E1F2A3B4C5D',N'Montaña Rusa T-Rex',N'Montaña Rusa T-Rex','2026-12-12 19:00:00.0000000','2026-12-12 19:30:00.0000000',0,200,N'PuntuacionPorHora'),
	 (N'B8C9D0E1-F2A3-4B4C-5D6E-7F8A9B0C1D2E',N'A1B2C3D4-E5F6-4A5B-8C9D-0E1F2A3B4C5D',N'Río Prehistórico',N'Río Prehistórico','2026-12-12 20:00:00.0000000','2026-12-12 20:25:00.0000000',0,200,N'PuntuacionPorHora'),

	 -- Visitas de Luis (B2C3D4E5) - Total: 1300 puntos antes del canje
	 (N'C9D0E1F2-A3B4-4C5D-6E7F-8A9B0C1D2E3F',N'B2C3D4E5-F6A7-4B5C-9D0E-1F2A3B4C5D6E',N'Simulador Jurásico',N'Simulador Jurásico','2026-12-12 18:30:00.0000000','2026-12-12 18:50:00.0000000',0,120,N'PuntuacionPorHora'),
	 (N'D0E1F2A3-B4C5-4D6E-7F8A-9B0C1D2E3F4A',N'B2C3D4E5-F6A7-4B5C-9D0E-1F2A3B4C5D6E',N'Montaña Rusa T-Rex',N'Montaña Rusa T-Rex','2026-12-12 10:00:00.0000000','2026-12-12 10:30:00.0000000',0,100,NULL),
	 (N'E1F2A3B4-C5D6-4E7F-8A9B-0C1D2E3F4A5B',N'B2C3D4E5-F6A7-4B5C-9D0E-1F2A3B4C5D6E',N'Río Prehistórico',N'Río Prehistórico','2026-12-12 11:00:00.0000000','2026-12-12 11:30:00.0000000',0,100,NULL),
	 (N'F2A3B4C5-D6E7-4F8A-9B0C-1D2E3F4A5B6C',N'B2C3D4E5-F6A7-4B5C-9D0E-1F2A3B4C5D6E',N'Montaña Rusa T-Rex',N'Montaña Rusa T-Rex','2026-12-12 12:00:00.0000000','2026-12-12 12:30:00.0000000',0,100,NULL),
	 (N'A3B4C5D6-E7F8-4A9B-0C1D-2E3F4A5B6C7D',N'B2C3D4E5-F6A7-4B5C-9D0E-1F2A3B4C5D6E',N'Simulador Jurásico',N'Simulador Jurásico','2026-12-12 13:00:00.0000000','2026-12-12 13:30:00.0000000',0,80,NULL),
	 (N'B4C5D6E7-F8A9-40B1-C2D3-E4F5A6B7C8D9',N'B2C3D4E5-F6A7-4B5C-9D0E-1F2A3B4C5D6E',N'Río Prehistórico',N'Río Prehistórico','2026-12-12 14:00:00.0000000','2026-12-12 14:30:00.0000000',0,100,NULL),
	 (N'C5D6E7F8-A9B0-41C2-D3E4-F5A6B7C8D9E0',N'B2C3D4E5-F6A7-4B5C-9D0E-1F2A3B4C5D6E',N'Montaña Rusa T-Rex',N'Montaña Rusa T-Rex','2026-12-12 15:00:00.0000000','2026-12-12 15:30:00.0000000',0,100,NULL),
	 (N'D6E7F8A9-B0C1-42D3-E4F5-A6B7C8D9E0F1',N'B2C3D4E5-F6A7-4B5C-9D0E-1F2A3B4C5D6E',N'Simulador Jurásico',N'Simulador Jurásico','2026-12-12 16:00:00.0000000','2026-12-12 16:30:00.0000000',0,80,NULL),
	 (N'E7F8A9B0-C1D2-43E4-F5A6-B7C8D9E0F1A2',N'B2C3D4E5-F6A7-4B5C-9D0E-1F2A3B4C5D6E',N'Río Prehistórico',N'Río Prehistórico','2026-12-12 17:00:00.0000000','2026-12-12 17:30:00.0000000',0,100,NULL),
	 (N'F8A9B0C1-D2E3-44F5-A6B7-C8D9E0F1A2B3',N'B2C3D4E5-F6A7-4B5C-9D0E-1F2A3B4C5D6E',N'Montaña Rusa T-Rex',N'Montaña Rusa T-Rex','2026-12-12 18:00:00.0000000','2026-12-12 18:20:00.0000000',0,100,NULL),
	 (N'A9B0C1D2-E3F4-45A6-B7C8-D9E0F1A2B3C4',N'B2C3D4E5-F6A7-4B5C-9D0E-1F2A3B4C5D6E',N'Espectáculo Dinosaurios Vivos',N'Espectáculo Dinosaurios Vivos','2026-12-12 19:00:00.0000000','2026-12-12 19:30:00.0000000',0,75,N'PuntuacionPorHora'),
	 (N'B0C1D2E3-F4A5-46B7-C8D9-E0F1A2B3C4D5',N'B2C3D4E5-F6A7-4B5C-9D0E-1F2A3B4C5D6E',N'Mini Carrusel Dino',N'Mini Carrusel Dino','2026-12-12 20:00:00.0000000','2026-12-12 20:15:00.0000000',0,60,N'PuntuacionPorHora'),
	 (N'C1D2E3F4-A5B6-47C8-D9E0-F1A2B3C4D5E6',N'B2C3D4E5-F6A7-4B5C-9D0E-1F2A3B4C5D6E',N'Zona Excavación Arqueológica',N'Zona Excavación Arqueológica','2026-12-12 21:00:00.0000000','2026-12-12 21:30:00.0000000',0,45,N'PuntuacionPorHora');

-- ==========================================
-- TABLA: EventAttractions (depende de Attractions y Events)
-- ==========================================
INSERT INTO dbo.EventAttractions (AtraccionesNombre,EventId) VALUES
	 (N'Montaña Rusa T-Rex',N'FAD9E58A-D98B-4197-98F8-5F4168AB67D3'),
	 (N'Simulador Jurásico',N'FAD9E58A-D98B-4197-98F8-5F4168AB67D3'),
	 (N'Montaña Rusa T-Rex',N'DAF034FF-3F48-4B4C-9744-38712BA2E7AE'),
	 (N'Espectáculo Dinosaurios Vivos',N'E1F2A3B4-C5D6-4E7F-8A9B-0C1D2E3F4A5B'),
	 (N'Río Prehistórico',N'E1F2A3B4-C5D6-4E7F-8A9B-0C1D2E3F4A5B');

-- ==========================================
-- TABLA: ConfiguracionesPorAtraccion (depende de Configuraciones)
-- ==========================================
INSERT INTO dbo.ConfiguracionesPorAtraccion (Id,Valores) VALUES
	 (N'E0834F16-54D7-4B84-96F7-A6ED5BD4E75B',N'{"MontañaRusa":100,"Simulador":80,"Espectaculo":50,"ZonaInteractiva":30}');

-- ==========================================
-- TABLA: ConfiguracionesPorCombo (depende de Configuraciones)
-- ==========================================
INSERT INTO dbo.ConfiguracionesPorCombo (Id,VentanaTemporalMinutos,BonusMultiplicador,MinimoAtracciones) VALUES
	 (N'C8F45370-B822-421D-800A-AF05EFEC6656',60,50,3);

-- ==========================================
-- TABLA: ConfiguracionesPorEvento (depende de Configuraciones)
-- ==========================================
INSERT INTO dbo.ConfiguracionesPorEvento (Id,Puntos,Evento) VALUES
	 (N'F02924B9-E6A3-4F7C-B6CD-BA4249FD1D13',2,N'Noche de Dinosaurios');

-- ==========================================
-- TABLA: ScoringStrategies (depende de Configuraciones)
-- ==========================================
INSERT INTO dbo.ScoringStrategies (Id,Name,Description,ConfiguracionId,Active,[Type],PluginTypeIdentifier,ConfigurationJson,CreatedDate) VALUES
	 (N'95DC289A-DCD3-4B73-4C78-08DE06B7268A',N'PuntuacionPorAtraccion',N'Otorga puntos fijos por tipo de atracción visitada',N'E0834F16-54D7-4B84-96F7-A6ED5BD4E75B',0,N'PuntuacionPorAtraccion',NULL,NULL,'2025-10-08 22:08:02.8385503'),
	 (N'ED67985E-BBC1-4C15-4C79-08DE06B7268A',N'PuntuacionCombo',N'Bonifica visitar múltiples atracciones diferentes en tiempo limitado',N'C8F45370-B822-421D-800A-AF05EFEC6656',0,N'PuntuacionCombo',NULL,NULL,'2025-10-08 22:08:03.5904650'),
	 (N'FAAF3B6C-60E0-4ED8-4C7A-08DE06B7268A',N'PuntuacionPorEvento',N'Multiplica puntos durante eventos especiales',N'F02924B9-E6A3-4F7C-B6CD-BA4249FD1D13',0,N'PuntuacionPorEvento',NULL,NULL,'2025-10-08 22:08:03.7378657'),
	 (N'D0E1F2A3-B4C5-4D6E-7F8A-9B0C1D2E3F4A',N'PuntuacionPorHora',N'Aplica multiplicadores de puntuación basados en la hora del día de la visita',NULL,1,NULL,N'PuntuacionPorHora',N'{"HourMultipliers":{"18":1.5,"19":2.0,"20":2.0,"21":1.5}}','2025-11-05 10:00:00.0000000');

-- ==========================================
-- TABLA: RewardExchanges (depende de Rewards y Users)
-- ==========================================
INSERT INTO dbo.RewardExchanges (RewardId,UserId,PuntosDescontados,PuntosRestantesUsuario,FechaCanje,Estado) VALUES
	 -- Juan tenía 1250 puntos (12 completadas + 1 activa), canjea 500, le quedan 750
	 (1,N'C7B5FBFD-9B4C-4C9A-8DE3-36401EE173C1',500,750,N'2026-12-11 18:00:00.0000000',N'Confirmado'),
	 -- María tenía 780 puntos (8 completadas + 1 activa), canjea 300, le quedan 480
	 (5,N'5868C220-7746-4C71-923C-39B883C52E56',300,480,N'2026-12-11 10:15:00.0000000',N'Confirmado'),
	 -- Carlos tenía 3530 puntos (34 completadas + 1 activa), canjea 1000, le quedan 2530
	 (2,N'7F08D13A-885A-48E6-BD50-322B87E319D0',1000,2530,N'2026-12-11 14:00:00.0000000',N'Confirmado'),
	 -- Ana tenía 400 puntos (2 completadas), canjea 200, le quedan 200
	 (6,N'A1B2C3D4-E5F6-4A5B-8C9D-0E1F2A3B4C5D',200,200,N'2026-12-12 20:45:00.0000000',N'Confirmado'),
	 -- Luis tenía 1160 puntos (13 completadas), canjea 800, le quedan 360
	 (7,N'B2C3D4E5-F6A7-4B5C-9D0E-1F2A3B4C5D6E',800,360,N'2026-12-12 21:45:00.0000000',N'Confirmado');
